comment_id,content_id,topic,comment_text,label
1,210,College Stress,This is so relatable and honestly helped me.,Relatable
2,162,Dating,Thanks for sharing.,Neutral
3,250,Social Anxiety,Good information.,Neutral
4,325,College Stress,This is so relatable and honestly helped me.,Relatable
5,108,College Stress,I really needed to hear this today.,Relatable
6,392,Friendship,Good information.,Neutral
7,315,Dating,I thought I was the only one who felt this way.,Relatable
8,220,Self Doubt,I really needed to hear this today.,Relatable
9,20,Social Anxiety,Thanks for sharing.,Neutral
10,457,Social Anxiety,You explained exactly what I was feeling.,Relatable
11,10,Dating,This describes my experience perfectly.,Relatable
12,356,Dating,Good information.,Neutral
13,53,Dating,Nice video.,Neutral
14,86,College Stress,This describes my experience perfectly.,Relatable
15,486,College Stress,I thought I was the only one who felt this way.,Relatable
16,269,Friendship,This describes my experience perfectly.,Relatable
17,462,College Stress,This is so relatable and honestly helped me.,Relatable
18,486,Dating,This is so relatable and honestly helped me.,Relatable
19,117,Social Anxiety,Thanks for sharing.,Neutral
20,376,Dating,This is so relatable and honestly helped me.,Relatable
21,64,Dating,This describes my experience perfectly.,Relatable
22,449,Self Doubt,I thought I was the only one who felt this way.,Relatable
23,25,Friendship,I will check this out.,Neutral
24,56,Productivity,Interesting post.,Neutral
25,354,Social Anxiety,Interesting post.,Neutral
26,64,Self Doubt,I really needed to hear this today.,Relatable
27,79,Productivity,I really needed to hear this today.,Relatable
28,216,College Stress,I thought I was the only one who felt this way.,Relatable
29,319,College Stress,I will check this out.,Neutral
30,426,Self Doubt,Good information.,Neutral
31,317,Productivity,I will check this out.,Neutral
32,255,Social Anxiety,I thought I was the only one who felt this way.,Relatable
33,426,College Stress,This is so relatable and honestly helped me.,Relatable
34,361,College Stress,This is so relatable and honestly helped me.,Relatable
35,281,Social Anxiety,This is so relatable and honestly helped me.,Relatable
36,478,Productivity,This is so relatable and honestly helped me.,Relatable
37,7,Social Anxiety,This is so relatable and honestly helped me.,Relatable
38,343,Friendship,Interesting post.,Neutral
39,39,Friendship,I thought I was the only one who felt this way.,Relatable
40,330,College Stress,Interesting post.,Neutral
41,238,College Stress,You explained exactly what I was feeling.,Relatable
42,437,Social Anxiety,This is so relatable and honestly helped me.,Relatable
43,379,Self Doubt,You explained exactly what I was feeling.,Relatable
44,437,Social Anxiety,I thought I was the only one who felt this way.,Relatable
45,184,College Stress,This is so relatable and honestly helped me.,Relatable
46,450,College Stress,I will check this out.,Neutral
47,94,College Stress,Nice video.,Neutral
48,140,Self Doubt,I really needed to hear this today.,Relatable
49,333,Self Doubt,Thanks for sharing.,Neutral
50,68,Social Anxiety,Good information.,Neutral
51,54,Dating,Interesting post.,Neutral
52,411,Self Doubt,This describes my experience perfectly.,Relatable
53,313,Dating,I really needed to hear this today.,Relatable
54,15,Friendship,You explained exactly what I was feeling.,Relatable
55,472,Self Doubt,Good information.,Neutral
56,24,Self Doubt,I really needed to hear this today.,Relatable
57,361,Social Anxiety,You explained exactly what I was feeling.,Relatable
58,296,Productivity,I will check this out.,Neutral
59,448,Productivity,Good information.,Neutral
60,359,Productivity,This describes my experience perfectly.,Relatable
61,373,Productivity,Thanks for sharing.,Neutral
62,347,Productivity,You explained exactly what I was feeling.,Relatable
63,457,Friendship,Good information.,Neutral
64,330,Social Anxiety,Interesting post.,Neutral
65,437,Self Doubt,I will check this out.,Neutral
66,385,Social Anxiety,This is so relatable and honestly helped me.,Relatable
67,497,College Stress,This is so relatable and honestly helped me.,Relatable
68,282,Dating,This describes my experience perfectly.,Relatable
69,41,Dating,Thanks for sharing.,Neutral
70,46,Self Doubt,This describes my experience perfectly.,Relatable
71,61,College Stress,Thanks for sharing.,Neutral
72,207,Social Anxiety,Interesting post.,Neutral
73,1,Friendship,This describes my experience perfectly.,Relatable
74,327,Friendship,I will check this out.,Neutral
75,106,Friendship,This describes my experience perfectly.,Relatable
76,187,College Stress,Thanks for sharing.,Neutral
77,170,Self Doubt,Good information.,Neutral
78,243,Friendship,This describes my experience perfectly.,Relatable
79,232,Productivity,Nice video.,Neutral
80,175,Social Anxiety,This is so relatable and honestly helped me.,Relatable
81,268,Friendship,You explained exactly what I was feeling.,Relatable
82,460,Social Anxiety,I thought I was the only one who felt this way.,Relatable
83,381,Productivity,This is so relatable and honestly helped me.,Relatable
84,313,College Stress,Interesting post.,Neutral
85,111,Self Doubt,I thought I was the only one who felt this way.,Relatable
86,174,Productivity,This is so relatable and honestly helped me.,Relatable
87,475,Social Anxiety,I really needed to hear this today.,Relatable
88,396,Social Anxiety,I will check this out.,Neutral
89,302,Productivity,Thanks for sharing.,Neutral
90,3,Self Doubt,Good information.,Neutral
91,479,Friendship,I thought I was the only one who felt this way.,Relatable
92,474,Self Doubt,This describes my experience perfectly.,Relatable
93,297,Productivity,This is so relatable and honestly helped me.,Relatable
94,199,Social Anxiety,This is so relatable and honestly helped me.,Relatable
95,259,College Stress,I will check this out.,Neutral
96,469,Friendship,Thanks for sharing.,Neutral
97,204,College Stress,Good information.,Neutral
98,413,Self Doubt,Nice video.,Neutral
99,359,Friendship,I really needed to hear this today.,Relatable
100,432,College Stress,I will check this out.,Neutral
101,378,Productivity,Nice video.,Neutral
102,108,Dating,Good information.,Neutral
103,177,Productivity,Nice video.,Neutral
104,333,Productivity,Good information.,Neutral
105,278,Friendship,Good information.,Neutral
106,60,Productivity,Nice video.,Neutral
107,299,Self Doubt,I will check this out.,Neutral
108,383,Productivity,I really needed to hear this today.,Relatable
109,450,College Stress,I will check this out.,Neutral
110,55,Friendship,Interesting post.,Neutral
111,344,Social Anxiety,This is so relatable and honestly helped me.,Relatable
112,147,Dating,You explained exactly what I was feeling.,Relatable
113,354,Social Anxiety,Good information.,Neutral
114,17,Friendship,Good information.,Neutral
115,316,Social Anxiety,I really needed to hear this today.,Relatable
116,381,Dating,I will check this out.,Neutral
117,262,Dating,Thanks for sharing.,Neutral
118,341,Productivity,Nice video.,Neutral
119,214,Self Doubt,I really needed to hear this today.,Relatable
120,28,Friendship,Nice video.,Neutral
121,318,Dating,You explained exactly what I was feeling.,Relatable
122,467,Dating,Thanks for sharing.,Neutral
123,280,Friendship,Nice video.,Neutral
124,494,Productivity,Good information.,Neutral
125,350,Dating,I really needed to hear this today.,Relatable
126,264,Productivity,This is so relatable and honestly helped me.,Relatable
127,143,Self Doubt,I thought I was the only one who felt this way.,Relatable
128,300,Dating,This is so relatable and honestly helped me.,Relatable
129,239,College Stress,Interesting post.,Neutral
130,79,Social Anxiety,Good information.,Neutral
131,397,Social Anxiety,I will check this out.,Neutral
132,155,Productivity,I will check this out.,Neutral
133,184,Friendship,This describes my experience perfectly.,Relatable
134,113,Friendship,You explained exactly what I was feeling.,Relatable
135,403,Social Anxiety,I will check this out.,Neutral
136,275,Friendship,I really needed to hear this today.,Relatable
137,453,Dating,You explained exactly what I was feeling.,Relatable
138,185,College Stress,You explained exactly what I was feeling.,Relatable
139,244,Friendship,This describes my experience perfectly.,Relatable
140,343,Social Anxiety,Interesting post.,Neutral
141,315,Productivity,This is so relatable and honestly helped me.,Relatable
142,350,Social Anxiety,Good information.,Neutral
143,198,Social Anxiety,Thanks for sharing.,Neutral
144,467,Social Anxiety,You explained exactly what I was feeling.,Relatable
145,412,Friendship,You explained exactly what I was feeling.,Relatable
146,152,Social Anxiety,I really needed to hear this today.,Relatable
147,264,College Stress,Good information.,Neutral
148,498,Dating,I thought I was the only one who felt this way.,Relatable
149,4,Friendship,I will check this out.,Neutral
150,323,Productivity,Good information.,Neutral
151,106,Social Anxiety,Thanks for sharing.,Neutral
152,419,Productivity,I really needed to hear this today.,Relatable
153,236,Social Anxiety,Good information.,Neutral
154,38,Social Anxiety,Interesting post.,Neutral
155,37,Friendship,You explained exactly what I was feeling.,Relatable
156,209,College Stress,This is so relatable and honestly helped me.,Relatable
157,162,Self Doubt,I really needed to hear this today.,Relatable
158,4,Friendship,I thought I was the only one who felt this way.,Relatable
159,388,Social Anxiety,I will check this out.,Neutral
160,435,Productivity,Interesting post.,Neutral
161,149,Social Anxiety,This describes my experience perfectly.,Relatable
162,45,Friendship,Nice video.,Neutral
163,203,Self Doubt,I really needed to hear this today.,Relatable
164,81,Self Doubt,Interesting post.,Neutral
165,201,Productivity,This is so relatable and honestly helped me.,Relatable
166,492,College Stress,I will check this out.,Neutral
167,455,Productivity,Nice video.,Neutral
168,284,Social Anxiety,Nice video.,Neutral
169,22,Social Anxiety,Good information.,Neutral
170,276,Self Doubt,This describes my experience perfectly.,Relatable
171,108,College Stress,I thought I was the only one who felt this way.,Relatable
172,212,Dating,Nice video.,Neutral
173,83,Dating,I will check this out.,Neutral
174,100,College Stress,This describes my experience perfectly.,Relatable
175,436,Social Anxiety,This describes my experience perfectly.,Relatable
176,331,Self Doubt,I will check this out.,Neutral
177,35,Productivity,You explained exactly what I was feeling.,Relatable
178,298,Productivity,This is so relatable and honestly helped me.,Relatable
179,66,College Stress,You explained exactly what I was feeling.,Relatable
180,146,Social Anxiety,Good information.,Neutral
181,249,College Stress,Good information.,Neutral
182,157,Productivity,This describes my experience perfectly.,Relatable
183,291,Friendship,Good information.,Neutral
184,87,Self Doubt,You explained exactly what I was feeling.,Relatable
185,365,Dating,This is so relatable and honestly helped me.,Relatable
186,431,College Stress,Thanks for sharing.,Neutral
187,237,Self Doubt,You explained exactly what I was feeling.,Relatable
188,283,Self Doubt,You explained exactly what I was feeling.,Relatable
189,431,Social Anxiety,This describes my experience perfectly.,Relatable
190,101,Friendship,This is so relatable and honestly helped me.,Relatable
191,39,Productivity,I thought I was the only one who felt this way.,Relatable
192,16,Productivity,I will check this out.,Neutral
193,394,Self Doubt,I will check this out.,Neutral
194,134,Friendship,Interesting post.,Neutral
195,335,Self Doubt,This describes my experience perfectly.,Relatable
196,115,Self Doubt,Nice video.,Neutral
197,439,Productivity,I will check this out.,Neutral
198,262,Friendship,I really needed to hear this today.,Relatable
199,6,Friendship,You explained exactly what I was feeling.,Relatable
200,85,Productivity,I will check this out.,Neutral
201,82,Self Doubt,Good information.,Neutral
202,447,Productivity,This describes my experience perfectly.,Relatable
203,21,College Stress,Thanks for sharing.,Neutral
204,33,Dating,I really needed to hear this today.,Relatable
205,343,Social Anxiety,This is so relatable and honestly helped me.,Relatable
206,241,Self Doubt,You explained exactly what I was feeling.,Relatable
207,333,Social Anxiety,Interesting post.,Neutral
208,425,Productivity,This describes my experience perfectly.,Relatable
209,279,Friendship,You explained exactly what I was feeling.,Relatable
210,194,Productivity,I really needed to hear this today.,Relatable
211,129,Friendship,I thought I was the only one who felt this way.,Relatable
212,208,Friendship,This is so relatable and honestly helped me.,Relatable
213,406,Self Doubt,You explained exactly what I was feeling.,Relatable
214,257,Social Anxiety,This describes my experience perfectly.,Relatable
215,118,Dating,Thanks for sharing.,Neutral
216,77,Dating,You explained exactly what I was feeling.,Relatable
217,368,Friendship,You explained exactly what I was feeling.,Relatable
218,416,Self Doubt,Good information.,Neutral
219,346,Self Doubt,I thought I was the only one who felt this way.,Relatable
220,83,Friendship,This is so relatable and honestly helped me.,Relatable
221,125,Social Anxiety,Thanks for sharing.,Neutral
222,83,Friendship,This describes my experience perfectly.,Relatable
223,457,Social Anxiety,This describes my experience perfectly.,Relatable
224,133,Dating,I thought I was the only one who felt this way.,Relatable
225,307,Self Doubt,I will check this out.,Neutral
226,373,Productivity,Interesting post.,Neutral
227,111,Social Anxiety,Nice video.,Neutral
228,88,Self Doubt,I really needed to hear this today.,Relatable
229,74,Friendship,I really needed to hear this today.,Relatable
230,338,Friendship,Good information.,Neutral
231,352,Productivity,This is so relatable and honestly helped me.,Relatable
232,303,Friendship,I really needed to hear this today.,Relatable
233,68,Self Doubt,I really needed to hear this today.,Relatable
234,441,Friendship,This is so relatable and honestly helped me.,Relatable
235,311,Dating,Thanks for sharing.,Neutral
236,308,Friendship,I really needed to hear this today.,Relatable
237,386,Friendship,This describes my experience perfectly.,Relatable
238,67,Productivity,I really needed to hear this today.,Relatable
239,460,Social Anxiety,I will check this out.,Neutral
240,216,Friendship,Thanks for sharing.,Neutral
241,272,Productivity,I thought I was the only one who felt this way.,Relatable
242,180,Self Doubt,I really needed to hear this today.,Relatable
243,218,Social Anxiety,I will check this out.,Neutral
244,466,Dating,I really needed to hear this today.,Relatable
245,449,Friendship,Nice video.,Neutral
246,3,Dating,You explained exactly what I was feeling.,Relatable
247,268,Friendship,Interesting post.,Neutral
248,336,Self Doubt,I thought I was the only one who felt this way.,Relatable
249,186,Self Doubt,You explained exactly what I was feeling.,Relatable
250,300,Productivity,I really needed to hear this today.,Relatable
251,290,Self Doubt,This describes my experience perfectly.,Relatable
252,204,Productivity,You explained exactly what I was feeling.,Relatable
253,402,Friendship,Thanks for sharing.,Neutral
254,287,College Stress,This is so relatable and honestly helped me.,Relatable
255,296,College Stress,You explained exactly what I was feeling.,Relatable
256,71,Productivity,I really needed to hear this today.,Relatable
257,118,Productivity,Interesting post.,Neutral
258,110,Social Anxiety,This is so relatable and honestly helped me.,Relatable
259,315,Friendship,You explained exactly what I was feeling.,Relatable
260,200,Dating,Interesting post.,Neutral
261,422,Social Anxiety,Interesting post.,Neutral
262,46,Self Doubt,This describes my experience perfectly.,Relatable
263,41,College Stress,This is so relatable and honestly helped me.,Relatable
264,315,Self Doubt,Thanks for sharing.,Neutral
265,494,Productivity,Nice video.,Neutral
266,254,Productivity,Good information.,Neutral
267,477,Productivity,This is so relatable and honestly helped me.,Relatable
268,18,Dating,Nice video.,Neutral
269,358,Friendship,I will check this out.,Neutral
270,19,Productivity,This is so relatable and honestly helped me.,Relatable
271,45,Dating,I thought I was the only one who felt this way.,Relatable
272,343,College Stress,Thanks for sharing.,Neutral
273,266,Dating,This describes my experience perfectly.,Relatable
274,282,Social Anxiety,I thought I was the only one who felt this way.,Relatable
275,179,Friendship,This describes my experience perfectly.,Relatable
276,311,Dating,You explained exactly what I was feeling.,Relatable
277,295,Self Doubt,Thanks for sharing.,Neutral
278,260,Self Doubt,This is so relatable and honestly helped me.,Relatable
279,151,Friendship,I thought I was the only one who felt this way.,Relatable
280,490,Friendship,I thought I was the only one who felt this way.,Relatable
281,129,Friendship,This describes my experience perfectly.,Relatable
282,248,Friendship,Thanks for sharing.,Neutral
283,349,Self Doubt,Nice video.,Neutral
284,247,Social Anxiety,This describes my experience perfectly.,Relatable
285,325,Self Doubt,I thought I was the only one who felt this way.,Relatable
286,360,Productivity,Good information.,Neutral
287,490,Self Doubt,You explained exactly what I was feeling.,Relatable
288,359,Social Anxiety,This describes my experience perfectly.,Relatable
289,48,College Stress,Good information.,Neutral
290,284,Social Anxiety,You explained exactly what I was feeling.,Relatable
291,182,College Stress,Thanks for sharing.,Neutral
292,94,College Stress,This describes my experience perfectly.,Relatable
293,378,Self Doubt,Good information.,Neutral
294,106,College Stress,This is so relatable and honestly helped me.,Relatable
295,183,Friendship,This is so relatable and honestly helped me.,Relatable
296,472,Social Anxiety,I thought I was the only one who felt this way.,Relatable
297,4,Friendship,I really needed to hear this today.,Relatable
298,435,Social Anxiety,I will check this out.,Neutral
299,253,College Stress,This describes my experience perfectly.,Relatable
300,252,College Stress,I will check this out.,Neutral
301,204,College Stress,This describes my experience perfectly.,Relatable
302,28,Dating,This describes my experience perfectly.,Relatable
303,482,Self Doubt,I really needed to hear this today.,Relatable
304,202,College Stress,This describes my experience perfectly.,Relatable
305,500,Self Doubt,Good information.,Neutral
306,162,Self Doubt,This describes my experience perfectly.,Relatable
307,108,Productivity,Interesting post.,Neutral
308,186,College Stress,I thought I was the only one who felt this way.,Relatable
309,281,Dating,Nice video.,Neutral
310,491,Self Doubt,You explained exactly what I was feeling.,Relatable
311,256,Dating,Nice video.,Neutral
312,386,Productivity,I really needed to hear this today.,Relatable
313,231,College Stress,I really needed to hear this today.,Relatable
314,352,Friendship,This is so relatable and honestly helped me.,Relatable
315,139,Productivity,I thought I was the only one who felt this way.,Relatable
316,439,Self Doubt,I will check this out.,Neutral
317,77,Productivity,This is so relatable and honestly helped me.,Relatable
318,216,Dating,I thought I was the only one who felt this way.,Relatable
319,369,Friendship,This describes my experience perfectly.,Relatable
320,129,College Stress,I really needed to hear this today.,Relatable
321,204,Social Anxiety,This describes my experience perfectly.,Relatable
322,111,Social Anxiety,This is so relatable and honestly helped me.,Relatable
323,50,Productivity,Thanks for sharing.,Neutral
324,185,College Stress,You explained exactly what I was feeling.,Relatable
325,177,College Stress,This describes my experience perfectly.,Relatable
326,445,College Stress,I thought I was the only one who felt this way.,Relatable
327,296,Dating,I will check this out.,Neutral
328,400,Dating,This describes my experience perfectly.,Relatable
329,262,Productivity,You explained exactly what I was feeling.,Relatable
330,196,Social Anxiety,I really needed to hear this today.,Relatable
331,490,Productivity,Thanks for sharing.,Neutral
332,414,Productivity,This is so relatable and honestly helped me.,Relatable
333,314,Productivity,Thanks for sharing.,Neutral
334,83,Social Anxiety,I thought I was the only one who felt this way.,Relatable
335,335,College Stress,You explained exactly what I was feeling.,Relatable
336,331,Friendship,You explained exactly what I was feeling.,Relatable
337,383,College Stress,I really needed to hear this today.,Relatable
338,86,Self Doubt,Thanks for sharing.,Neutral
339,373,Dating,I thought I was the only one who felt this way.,Relatable
340,359,Productivity,You explained exactly what I was feeling.,Relatable
341,204,Dating,Good information.,Neutral
342,281,Self Doubt,I thought I was the only one who felt this way.,Relatable
343,392,Friendship,I really needed to hear this today.,Relatable
344,317,College Stress,Interesting post.,Neutral
345,118,College Stress,I really needed to hear this today.,Relatable
346,321,Self Doubt,You explained exactly what I was feeling.,Relatable
347,15,Dating,This describes my experience perfectly.,Relatable
348,443,College Stress,You explained exactly what I was feeling.,Relatable
349,281,College Stress,This describes my experience perfectly.,Relatable
350,303,Dating,This describes my experience perfectly.,Relatable
351,269,Self Doubt,I will check this out.,Neutral
352,466,College Stress,I will check this out.,Neutral
353,413,Dating,This describes my experience perfectly.,Relatable
354,212,College Stress,You explained exactly what I was feeling.,Relatable
355,1,Social Anxiety,You explained exactly what I was feeling.,Relatable
356,147,College Stress,This is so relatable and honestly helped me.,Relatable
357,473,Productivity,I thought I was the only one who felt this way.,Relatable
358,5,College Stress,I really needed to hear this today.,Relatable
359,119,Friendship,Nice video.,Neutral
360,97,College Stress,I will check this out.,Neutral
361,203,Self Doubt,This describes my experience perfectly.,Relatable
362,113,Self Doubt,I really needed to hear this today.,Relatable
363,123,Productivity,I really needed to hear this today.,Relatable
364,351,Productivity,This describes my experience perfectly.,Relatable
365,212,College Stress,This describes my experience perfectly.,Relatable
366,70,Dating,I thought I was the only one who felt this way.,Relatable
367,232,Friendship,I really needed to hear this today.,Relatable
368,97,Self Doubt,This describes my experience perfectly.,Relatable
369,497,Social Anxiety,This is so relatable and honestly helped me.,Relatable
370,145,Social Anxiety,This is so relatable and honestly helped me.,Relatable
371,5,Productivity,I really needed to hear this today.,Relatable
372,253,Social Anxiety,This is so relatable and honestly helped me.,Relatable
373,403,College Stress,I really needed to hear this today.,Relatable
374,357,Self Doubt,Nice video.,Neutral
375,432,Social Anxiety,Nice video.,Neutral
376,137,Social Anxiety,Good information.,Neutral
377,241,Friendship,Interesting post.,Neutral
378,425,Self Doubt,You explained exactly what I was feeling.,Relatable
379,395,Self Doubt,This is so relatable and honestly helped me.,Relatable
380,18,Productivity,Good information.,Neutral
381,341,Friendship,I thought I was the only one who felt this way.,Relatable
382,349,Self Doubt,Thanks for sharing.,Neutral
383,323,Dating,Nice video.,Neutral
384,63,Friendship,I will check this out.,Neutral
385,185,Dating,You explained exactly what I was feeling.,Relatable
386,121,Social Anxiety,Good information.,Neutral
387,86,Social Anxiety,Nice video.,Neutral
388,203,Social Anxiety,I will check this out.,Neutral
389,298,Social Anxiety,Interesting post.,Neutral
390,306,Productivity,Thanks for sharing.,Neutral
391,81,Dating,I thought I was the only one who felt this way.,Relatable
392,477,College Stress,This describes my experience perfectly.,Relatable
393,183,Social Anxiety,Interesting post.,Neutral
394,65,Social Anxiety,I will check this out.,Neutral
395,404,Friendship,You explained exactly what I was feeling.,Relatable
396,376,Self Doubt,Nice video.,Neutral
397,371,College Stress,I really needed to hear this today.,Relatable
398,362,Self Doubt,I thought I was the only one who felt this way.,Relatable
399,357,Friendship,You explained exactly what I was feeling.,Relatable
400,279,Dating,This describes my experience perfectly.,Relatable
401,445,College Stress,I really needed to hear this today.,Relatable
402,36,Dating,I will check this out.,Neutral
403,420,College Stress,I really needed to hear this today.,Relatable
404,1,Self Doubt,You explained exactly what I was feeling.,Relatable
405,376,Self Doubt,I will check this out.,Neutral
406,439,Friendship,I thought I was the only one who felt this way.,Relatable
407,165,Dating,This describes my experience perfectly.,Relatable
408,98,Self Doubt,I will check this out.,Neutral
409,79,Friendship,I really needed to hear this today.,Relatable
410,329,Self Doubt,Nice video.,Neutral
411,338,Friendship,I thought I was the only one who felt this way.,Relatable
412,448,Dating,This is so relatable and honestly helped me.,Relatable
413,99,Self Doubt,I thought I was the only one who felt this way.,Relatable
414,429,Productivity,This describes my experience perfectly.,Relatable
415,320,Friendship,I really needed to hear this today.,Relatable
416,188,Social Anxiety,Nice video.,Neutral
417,477,Social Anxiety,I thought I was the only one who felt this way.,Relatable
418,240,Social Anxiety,Thanks for sharing.,Neutral
419,286,College Stress,Interesting post.,Neutral
420,407,College Stress,Thanks for sharing.,Neutral
421,271,College Stress,I will check this out.,Neutral
422,40,College Stress,I thought I was the only one who felt this way.,Relatable
423,52,Social Anxiety,I will check this out.,Neutral
424,98,Self Doubt,I will check this out.,Neutral
425,321,Friendship,This is so relatable and honestly helped me.,Relatable
426,286,Productivity,I will check this out.,Neutral
427,296,Productivity,I thought I was the only one who felt this way.,Relatable
428,341,Productivity,I really needed to hear this today.,Relatable
429,406,Dating,I thought I was the only one who felt this way.,Relatable
430,173,Friendship,I really needed to hear this today.,Relatable
431,227,Friendship,I will check this out.,Neutral
432,167,Friendship,Nice video.,Neutral
433,221,Productivity,Thanks for sharing.,Neutral
434,124,Friendship,Nice video.,Neutral
435,393,Self Doubt,This is so relatable and honestly helped me.,Relatable
436,493,College Stress,You explained exactly what I was feeling.,Relatable
437,372,Social Anxiety,I really needed to hear this today.,Relatable
438,9,Friendship,You explained exactly what I was feeling.,Relatable
439,154,Social Anxiety,You explained exactly what I was feeling.,Relatable
440,12,College Stress,Good information.,Neutral
441,262,Friendship,Nice video.,Neutral
442,49,Dating,This describes my experience perfectly.,Relatable
443,71,Dating,You explained exactly what I was feeling.,Relatable
444,120,Dating,This describes my experience perfectly.,Relatable
445,293,Social Anxiety,You explained exactly what I was feeling.,Relatable
446,40,Productivity,This is so relatable and honestly helped me.,Relatable
447,250,Dating,Thanks for sharing.,Neutral
448,305,Social Anxiety,I will check this out.,Neutral
449,414,Productivity,Interesting post.,Neutral
450,472,Social Anxiety,I thought I was the only one who felt this way.,Relatable
451,214,Self Doubt,Nice video.,Neutral
452,383,Dating,Interesting post.,Neutral
453,325,Social Anxiety,I will check this out.,Neutral
454,157,Social Anxiety,Thanks for sharing.,Neutral
455,290,Friendship,You explained exactly what I was feeling.,Relatable
456,114,Productivity,This describes my experience perfectly.,Relatable
457,386,Self Doubt,I really needed to hear this today.,Relatable
458,114,Social Anxiety,I will check this out.,Neutral
459,68,Dating,I really needed to hear this today.,Relatable
460,382,Friendship,I really needed to hear this today.,Relatable
461,44,College Stress,I really needed to hear this today.,Relatable
462,67,Productivity,I really needed to hear this today.,Relatable
463,102,Friendship,Thanks for sharing.,Neutral
464,288,Dating,This describes my experience perfectly.,Relatable
465,125,Dating,I will check this out.,Neutral
466,351,College Stress,I really needed to hear this today.,Relatable
467,344,Social Anxiety,Interesting post.,Neutral
468,98,College Stress,You explained exactly what I was feeling.,Relatable
469,13,Productivity,This describes my experience perfectly.,Relatable
470,316,College Stress,Good information.,Neutral
471,75,Friendship,Thanks for sharing.,Neutral
472,351,Dating,This is so relatable and honestly helped me.,Relatable
473,379,Social Anxiety,I thought I was the only one who felt this way.,Relatable
474,445,Dating,This describes my experience perfectly.,Relatable
475,176,Social Anxiety,Nice video.,Neutral
476,231,College Stress,Interesting post.,Neutral
477,379,Dating,You explained exactly what I was feeling.,Relatable
478,268,Friendship,This is so relatable and honestly helped me.,Relatable
479,319,Self Doubt,I will check this out.,Neutral
480,358,Productivity,Good information.,Neutral
481,464,Friendship,Thanks for sharing.,Neutral
482,88,College Stress,Interesting post.,Neutral
483,317,Productivity,This is so relatable and honestly helped me.,Relatable
484,484,Productivity,I really needed to hear this today.,Relatable
485,139,Productivity,I really needed to hear this today.,Relatable
486,10,Social Anxiety,Nice video.,Neutral
487,195,Dating,I really needed to hear this today.,Relatable
488,249,College Stress,I thought I was the only one who felt this way.,Relatable
489,96,Social Anxiety,I will check this out.,Neutral
490,475,Friendship,I really needed to hear this today.,Relatable
491,473,Dating,Interesting post.,Neutral
492,202,Self Doubt,You explained exactly what I was feeling.,Relatable
493,351,College Stress,Interesting post.,Neutral
494,257,Dating,You explained exactly what I was feeling.,Relatable
495,132,Productivity,I thought I was the only one who felt this way.,Relatable
496,486,Friendship,Interesting post.,Neutral
497,460,College Stress,This is so relatable and honestly helped me.,Relatable
498,374,Social Anxiety,This is so relatable and honestly helped me.,Relatable
499,352,Productivity,This describes my experience perfectly.,Relatable
500,79,Friendship,This is so relatable and honestly helped me.,Relatable
501,169,Friendship,You explained exactly what I was feeling.,Relatable
502,335,Dating,This is so relatable and honestly helped me.,Relatable
503,410,Productivity,This describes my experience perfectly.,Relatable
504,353,College Stress,This is so relatable and honestly helped me.,Relatable
505,221,Dating,I will check this out.,Neutral
506,478,Productivity,Good information.,Neutral
507,35,College Stress,This is so relatable and honestly helped me.,Relatable
508,163,Dating,I thought I was the only one who felt this way.,Relatable
509,16,Productivity,Good information.,Neutral
510,156,Self Doubt,Thanks for sharing.,Neutral
511,399,Dating,You explained exactly what I was feeling.,Relatable
512,14,Dating,This is so relatable and honestly helped me.,Relatable
513,137,Friendship,I will check this out.,Neutral
514,306,Dating,I will check this out.,Neutral
515,41,College Stress,I thought I was the only one who felt this way.,Relatable
516,258,Dating,Thanks for sharing.,Neutral
517,333,Productivity,Thanks for sharing.,Neutral
518,243,Self Doubt,I really needed to hear this today.,Relatable
519,17,Dating,This is so relatable and honestly helped me.,Relatable
520,487,College Stress,I thought I was the only one who felt this way.,Relatable
521,34,Dating,This is so relatable and honestly helped me.,Relatable
522,251,Friendship,I really needed to hear this today.,Relatable
523,219,Dating,Thanks for sharing.,Neutral
524,377,Friendship,I thought I was the only one who felt this way.,Relatable
525,314,Self Doubt,Nice video.,Neutral
526,275,Friendship,I will check this out.,Neutral
527,56,Friendship,I thought I was the only one who felt this way.,Relatable
528,266,Dating,I thought I was the only one who felt this way.,Relatable
529,199,Friendship,I thought I was the only one who felt this way.,Relatable
530,150,Dating,I thought I was the only one who felt this way.,Relatable
531,237,College Stress,You explained exactly what I was feeling.,Relatable
532,471,Friendship,You explained exactly what I was feeling.,Relatable
533,238,Dating,This describes my experience perfectly.,Relatable
534,370,Social Anxiety,Thanks for sharing.,Neutral
535,481,Friendship,This is so relatable and honestly helped me.,Relatable
536,202,Dating,I will check this out.,Neutral
537,92,Social Anxiety,I really needed to hear this today.,Relatable
538,47,Self Doubt,This is so relatable and honestly helped me.,Relatable
539,376,Productivity,This is so relatable and honestly helped me.,Relatable
540,231,Productivity,I thought I was the only one who felt this way.,Relatable
541,363,Friendship,Interesting post.,Neutral
542,487,Friendship,This describes my experience perfectly.,Relatable
543,23,Self Doubt,This describes my experience perfectly.,Relatable
544,447,Friendship,Nice video.,Neutral
545,445,Dating,Good information.,Neutral
546,158,Self Doubt,I thought I was the only one who felt this way.,Relatable
547,321,College Stress,I really needed to hear this today.,Relatable
548,2,Dating,This is so relatable and honestly helped me.,Relatable
549,235,Social Anxiety,Nice video.,Neutral
550,414,Friendship,I really needed to hear this today.,Relatable
551,112,Dating,I really needed to hear this today.,Relatable
552,210,Self Doubt,Thanks for sharing.,Neutral
553,4,Friendship,This describes my experience perfectly.,Relatable
554,318,College Stress,This describes my experience perfectly.,Relatable
555,95,Social Anxiety,Good information.,Neutral
556,75,Social Anxiety,You explained exactly what I was feeling.,Relatable
557,153,Friendship,I will check this out.,Neutral
558,56,Social Anxiety,I thought I was the only one who felt this way.,Relatable
559,345,Dating,This is so relatable and honestly helped me.,Relatable
560,404,Friendship,This describes my experience perfectly.,Relatable
561,297,Productivity,I really needed to hear this today.,Relatable
562,394,Social Anxiety,I thought I was the only one who felt this way.,Relatable
563,420,Self Doubt,You explained exactly what I was feeling.,Relatable
564,34,Friendship,I really needed to hear this today.,Relatable
565,356,Social Anxiety,This is so relatable and honestly helped me.,Relatable
566,212,Friendship,Nice video.,Neutral
567,30,Friendship,This is so relatable and honestly helped me.,Relatable
568,248,Social Anxiety,This describes my experience perfectly.,Relatable
569,148,Productivity,I will check this out.,Neutral
570,270,College Stress,You explained exactly what I was feeling.,Relatable
571,475,College Stress,This describes my experience perfectly.,Relatable
572,267,Self Doubt,This describes my experience perfectly.,Relatable
573,414,Self Doubt,Thanks for sharing.,Neutral
574,363,Dating,This describes my experience perfectly.,Relatable
575,61,Social Anxiety,This is so relatable and honestly helped me.,Relatable
576,435,Productivity,I thought I was the only one who felt this way.,Relatable
577,212,Self Doubt,This describes my experience perfectly.,Relatable
578,413,Friendship,You explained exactly what I was feeling.,Relatable
579,104,Productivity,Interesting post.,Neutral
580,158,Social Anxiety,Nice video.,Neutral
581,393,College Stress,This describes my experience perfectly.,Relatable
582,203,College Stress,You explained exactly what I was feeling.,Relatable
583,427,Social Anxiety,I will check this out.,Neutral
584,473,College Stress,You explained exactly what I was feeling.,Relatable
585,331,Social Anxiety,Thanks for sharing.,Neutral
586,236,Productivity,This is so relatable and honestly helped me.,Relatable
587,237,College Stress,I will check this out.,Neutral
588,29,Productivity,Thanks for sharing.,Neutral
589,372,Friendship,Nice video.,Neutral
590,10,Friendship,I will check this out.,Neutral
591,34,College Stress,You explained exactly what I was feeling.,Relatable
592,174,Social Anxiety,Nice video.,Neutral
593,293,Dating,I will check this out.,Neutral
594,60,Friendship,Good information.,Neutral
595,440,Productivity,Nice video.,Neutral
596,212,College Stress,I thought I was the only one who felt this way.,Relatable
597,232,College Stress,This is so relatable and honestly helped me.,Relatable
598,269,Dating,Nice video.,Neutral
599,402,College Stress,I thought I was the only one who felt this way.,Relatable
600,228,Social Anxiety,This is so relatable and honestly helped me.,Relatable
601,79,Friendship,I really needed to hear this today.,Relatable
602,448,Productivity,I really needed to hear this today.,Relatable
603,394,Dating,You explained exactly what I was feeling.,Relatable
604,68,Productivity,I will check this out.,Neutral
605,199,Self Doubt,I thought I was the only one who felt this way.,Relatable
606,3,Social Anxiety,I will check this out.,Neutral
607,435,Productivity,I thought I was the only one who felt this way.,Relatable
608,240,College Stress,Interesting post.,Neutral
609,393,Friendship,Interesting post.,Neutral
610,296,Social Anxiety,Nice video.,Neutral
611,103,College Stress,Good information.,Neutral
612,164,Friendship,You explained exactly what I was feeling.,Relatable
613,77,College Stress,Interesting post.,Neutral
614,491,Social Anxiety,I thought I was the only one who felt this way.,Relatable
615,106,Social Anxiety,I will check this out.,Neutral
616,139,College Stress,This describes my experience perfectly.,Relatable
617,126,Friendship,You explained exactly what I was feeling.,Relatable
618,457,Friendship,You explained exactly what I was feeling.,Relatable
619,67,Social Anxiety,I really needed to hear this today.,Relatable
620,197,Social Anxiety,I thought I was the only one who felt this way.,Relatable
621,92,Self Doubt,I really needed to hear this today.,Relatable
622,429,Productivity,I will check this out.,Neutral
623,183,Friendship,Thanks for sharing.,Neutral
624,389,Productivity,This is so relatable and honestly helped me.,Relatable
625,499,Social Anxiety,I will check this out.,Neutral
626,68,Friendship,Thanks for sharing.,Neutral
627,234,Social Anxiety,I really needed to hear this today.,Relatable
628,119,Self Doubt,I really needed to hear this today.,Relatable
629,133,Friendship,Good information.,Neutral
630,359,Dating,Thanks for sharing.,Neutral
631,233,College Stress,Nice video.,Neutral
632,58,Self Doubt,I thought I was the only one who felt this way.,Relatable
633,145,Dating,I really needed to hear this today.,Relatable
634,66,Friendship,I will check this out.,Neutral
635,408,Productivity,I really needed to hear this today.,Relatable
636,37,Productivity,This describes my experience perfectly.,Relatable
637,206,Self Doubt,I will check this out.,Neutral
638,125,Friendship,Good information.,Neutral
639,34,Self Doubt,I really needed to hear this today.,Relatable
640,402,Self Doubt,This describes my experience perfectly.,Relatable
641,279,College Stress,I will check this out.,Neutral
642,343,Productivity,Good information.,Neutral
643,59,Self Doubt,This describes my experience perfectly.,Relatable
644,285,College Stress,Thanks for sharing.,Neutral
645,158,Dating,I really needed to hear this today.,Relatable
646,56,Friendship,Interesting post.,Neutral
647,168,Self Doubt,I will check this out.,Neutral
648,112,Social Anxiety,I thought I was the only one who felt this way.,Relatable
649,415,Productivity,I will check this out.,Neutral
650,77,Productivity,This is so relatable and honestly helped me.,Relatable
651,316,Self Doubt,You explained exactly what I was feeling.,Relatable
652,349,Dating,This is so relatable and honestly helped me.,Relatable
653,407,Friendship,Nice video.,Neutral
654,368,Self Doubt,Nice video.,Neutral
655,299,Social Anxiety,Nice video.,Neutral
656,434,Self Doubt,This describes my experience perfectly.,Relatable
657,190,Social Anxiety,You explained exactly what I was feeling.,Relatable
658,361,Social Anxiety,Interesting post.,Neutral
659,441,Social Anxiety,You explained exactly what I was feeling.,Relatable
660,222,Dating,I thought I was the only one who felt this way.,Relatable
661,163,Productivity,Thanks for sharing.,Neutral
662,223,Self Doubt,Thanks for sharing.,Neutral
663,72,Self Doubt,This is so relatable and honestly helped me.,Relatable
664,431,College Stress,I really needed to hear this today.,Relatable
665,65,Productivity,You explained exactly what I was feeling.,Relatable
666,9,Productivity,I thought I was the only one who felt this way.,Relatable
667,224,Productivity,I really needed to hear this today.,Relatable
668,71,Social Anxiety,Good information.,Neutral
669,458,Self Doubt,Thanks for sharing.,Neutral
670,320,Self Doubt,I will check this out.,Neutral
671,283,Self Doubt,This describes my experience perfectly.,Relatable
672,116,College Stress,Thanks for sharing.,Neutral
673,296,Social Anxiety,This describes my experience perfectly.,Relatable
674,257,Productivity,This is so relatable and honestly helped me.,Relatable
675,188,Friendship,This describes my experience perfectly.,Relatable
676,248,Friendship,I thought I was the only one who felt this way.,Relatable
677,247,Friendship,Interesting post.,Neutral
678,374,Dating,Interesting post.,Neutral
679,265,Self Doubt,Nice video.,Neutral
680,126,Social Anxiety,This describes my experience perfectly.,Relatable
681,325,Productivity,I thought I was the only one who felt this way.,Relatable
682,314,College Stress,This describes my experience perfectly.,Relatable
683,399,Friendship,You explained exactly what I was feeling.,Relatable
684,464,Friendship,I really needed to hear this today.,Relatable
685,181,Self Doubt,You explained exactly what I was feeling.,Relatable
686,86,College Stress,Nice video.,Neutral
687,156,Productivity,This describes my experience perfectly.,Relatable
688,32,College Stress,I will check this out.,Neutral
689,294,Dating,I will check this out.,Neutral
690,320,Productivity,You explained exactly what I was feeling.,Relatable
691,65,Social Anxiety,I really needed to hear this today.,Relatable
692,68,College Stress,You explained exactly what I was feeling.,Relatable
693,8,College Stress,Nice video.,Neutral
694,466,Dating,I will check this out.,Neutral
695,229,Productivity,Good information.,Neutral
696,401,College Stress,This is so relatable and honestly helped me.,Relatable
697,410,Dating,Thanks for sharing.,Neutral
698,44,College Stress,I thought I was the only one who felt this way.,Relatable
699,429,Dating,I will check this out.,Neutral
700,122,Self Doubt,I really needed to hear this today.,Relatable
701,296,Dating,Good information.,Neutral
702,329,Social Anxiety,Nice video.,Neutral
703,86,Social Anxiety,I thought I was the only one who felt this way.,Relatable
704,244,College Stress,I really needed to hear this today.,Relatable
705,195,Dating,I will check this out.,Neutral
706,135,Self Doubt,Thanks for sharing.,Neutral
707,148,Social Anxiety,I really needed to hear this today.,Relatable
708,348,Self Doubt,Thanks for sharing.,Neutral
709,490,Productivity,This describes my experience perfectly.,Relatable
710,182,Productivity,This describes my experience perfectly.,Relatable
711,471,Friendship,Thanks for sharing.,Neutral
712,139,College Stress,Nice video.,Neutral
713,336,College Stress,I thought I was the only one who felt this way.,Relatable
714,384,Productivity,Thanks for sharing.,Neutral
715,267,Dating,This describes my experience perfectly.,Relatable
716,281,College Stress,This is so relatable and honestly helped me.,Relatable
717,7,Social Anxiety,I thought I was the only one who felt this way.,Relatable
718,351,Social Anxiety,This describes my experience perfectly.,Relatable
719,146,Productivity,This is so relatable and honestly helped me.,Relatable
720,318,Social Anxiety,I thought I was the only one who felt this way.,Relatable
721,458,Productivity,This describes my experience perfectly.,Relatable
722,63,Productivity,I will check this out.,Neutral
723,439,Social Anxiety,Interesting post.,Neutral
724,392,Productivity,Thanks for sharing.,Neutral
725,459,Dating,I will check this out.,Neutral
726,151,College Stress,This is so relatable and honestly helped me.,Relatable
727,233,Productivity,I thought I was the only one who felt this way.,Relatable
728,355,Self Doubt,Nice video.,Neutral
729,83,College Stress,Nice video.,Neutral
730,196,Social Anxiety,Nice video.,Neutral
731,490,College Stress,I thought I was the only one who felt this way.,Relatable
732,36,Self Doubt,Good information.,Neutral
733,202,Friendship,This is so relatable and honestly helped me.,Relatable
734,74,Social Anxiety,I really needed to hear this today.,Relatable
735,315,Dating,I really needed to hear this today.,Relatable
736,133,Productivity,Thanks for sharing.,Neutral
737,293,Social Anxiety,I thought I was the only one who felt this way.,Relatable
738,460,Social Anxiety,Thanks for sharing.,Neutral
739,341,Social Anxiety,I thought I was the only one who felt this way.,Relatable
740,169,Productivity,This is so relatable and honestly helped me.,Relatable
741,264,Social Anxiety,I will check this out.,Neutral
742,224,Self Doubt,Thanks for sharing.,Neutral
743,116,Friendship,I thought I was the only one who felt this way.,Relatable
744,291,Social Anxiety,I really needed to hear this today.,Relatable
745,350,College Stress,You explained exactly what I was feeling.,Relatable
746,491,Productivity,I thought I was the only one who felt this way.,Relatable
747,437,Friendship,Nice video.,Neutral
748,390,Self Doubt,Interesting post.,Neutral
749,284,Dating,Good information.,Neutral
750,98,Productivity,I really needed to hear this today.,Relatable
751,323,Social Anxiety,I really needed to hear this today.,Relatable
752,454,Social Anxiety,Thanks for sharing.,Neutral
753,19,Dating,Good information.,Neutral
754,251,Dating,This describes my experience perfectly.,Relatable
755,158,Productivity,This describes my experience perfectly.,Relatable
756,19,Social Anxiety,I really needed to hear this today.,Relatable
757,22,Productivity,You explained exactly what I was feeling.,Relatable
758,342,Productivity,This is so relatable and honestly helped me.,Relatable
759,380,Dating,This describes my experience perfectly.,Relatable
760,377,Social Anxiety,I thought I was the only one who felt this way.,Relatable
761,465,Self Doubt,I thought I was the only one who felt this way.,Relatable
762,360,Dating,Interesting post.,Neutral
763,324,Dating,Interesting post.,Neutral
764,234,Social Anxiety,You explained exactly what I was feeling.,Relatable
765,419,Social Anxiety,I will check this out.,Neutral
766,305,Self Doubt,Interesting post.,Neutral
767,412,Social Anxiety,Good information.,Neutral
768,348,Productivity,You explained exactly what I was feeling.,Relatable
769,295,Productivity,I thought I was the only one who felt this way.,Relatable
770,392,Dating,You explained exactly what I was feeling.,Relatable
771,33,College Stress,This is so relatable and honestly helped me.,Relatable
772,87,Self Doubt,This is so relatable and honestly helped me.,Relatable
773,225,Dating,I will check this out.,Neutral
774,69,Social Anxiety,This describes my experience perfectly.,Relatable
775,399,Self Doubt,This describes my experience perfectly.,Relatable
776,4,Social Anxiety,I really needed to hear this today.,Relatable
777,334,Productivity,I thought I was the only one who felt this way.,Relatable
778,356,Self Doubt,Nice video.,Neutral
779,65,Productivity,Thanks for sharing.,Neutral
780,231,Friendship,You explained exactly what I was feeling.,Relatable
781,355,Friendship,This is so relatable and honestly helped me.,Relatable
782,256,Productivity,This is so relatable and honestly helped me.,Relatable
783,424,Productivity,Interesting post.,Neutral
784,3,Self Doubt,Nice video.,Neutral
785,272,Social Anxiety,This is so relatable and honestly helped me.,Relatable
786,442,College Stress,I will check this out.,Neutral
787,113,Friendship,I will check this out.,Neutral
788,28,College Stress,This is so relatable and honestly helped me.,Relatable
789,433,Productivity,This is so relatable and honestly helped me.,Relatable
790,91,Self Doubt,Thanks for sharing.,Neutral
791,331,Social Anxiety,I thought I was the only one who felt this way.,Relatable
792,129,Self Doubt,This is so relatable and honestly helped me.,Relatable
793,54,Social Anxiety,I really needed to hear this today.,Relatable
794,81,Dating,I will check this out.,Neutral
795,60,Friendship,Thanks for sharing.,Neutral
796,228,Productivity,This is so relatable and honestly helped me.,Relatable
797,102,Self Doubt,Nice video.,Neutral
798,399,Dating,Nice video.,Neutral
799,122,Social Anxiety,This is so relatable and honestly helped me.,Relatable
800,457,Self Doubt,Good information.,Neutral
801,249,Friendship,I really needed to hear this today.,Relatable
802,111,Dating,I really needed to hear this today.,Relatable
803,199,Dating,Thanks for sharing.,Neutral
804,100,Productivity,I really needed to hear this today.,Relatable
805,172,Dating,Nice video.,Neutral
806,144,Social Anxiety,This describes my experience perfectly.,Relatable
807,215,Self Doubt,I really needed to hear this today.,Relatable
808,454,Dating,You explained exactly what I was feeling.,Relatable
809,488,Productivity,This is so relatable and honestly helped me.,Relatable
810,497,Friendship,Good information.,Neutral
811,211,Social Anxiety,This is so relatable and honestly helped me.,Relatable
812,303,Dating,Thanks for sharing.,Neutral
813,8,College Stress,I really needed to hear this today.,Relatable
814,168,Dating,Good information.,Neutral
815,485,Friendship,This is so relatable and honestly helped me.,Relatable
816,214,Social Anxiety,This describes my experience perfectly.,Relatable
817,376,Self Doubt,Interesting post.,Neutral
818,272,Self Doubt,Interesting post.,Neutral
819,254,Self Doubt,I thought I was the only one who felt this way.,Relatable
820,355,Social Anxiety,This describes my experience perfectly.,Relatable
821,184,Dating,Good information.,Neutral
822,246,Social Anxiety,I thought I was the only one who felt this way.,Relatable
823,236,Productivity,Good information.,Neutral
824,500,Social Anxiety,I will check this out.,Neutral
825,208,Productivity,This is so relatable and honestly helped me.,Relatable
826,238,Productivity,You explained exactly what I was feeling.,Relatable
827,37,Productivity,Interesting post.,Neutral
828,17,Friendship,You explained exactly what I was feeling.,Relatable
829,485,Productivity,You explained exactly what I was feeling.,Relatable
830,404,Dating,I will check this out.,Neutral
831,377,College Stress,I will check this out.,Neutral
832,187,Productivity,I will check this out.,Neutral
833,188,Self Doubt,Interesting post.,Neutral
834,188,College Stress,I thought I was the only one who felt this way.,Relatable
835,35,Productivity,This describes my experience perfectly.,Relatable
836,172,Dating,This is so relatable and honestly helped me.,Relatable
837,245,Productivity,I thought I was the only one who felt this way.,Relatable
838,108,Productivity,I will check this out.,Neutral
839,181,College Stress,Good information.,Neutral
840,217,Productivity,I will check this out.,Neutral
841,177,College Stress,I thought I was the only one who felt this way.,Relatable
842,425,Friendship,This describes my experience perfectly.,Relatable
843,423,Productivity,This describes my experience perfectly.,Relatable
844,318,Self Doubt,You explained exactly what I was feeling.,Relatable
845,457,Dating,I thought I was the only one who felt this way.,Relatable
846,201,Social Anxiety,Interesting post.,Neutral
847,56,Social Anxiety,Nice video.,Neutral
848,76,Productivity,I thought I was the only one who felt this way.,Relatable
849,488,Friendship,This is so relatable and honestly helped me.,Relatable
850,497,Self Doubt,Nice video.,Neutral
851,178,Self Doubt,Good information.,Neutral
852,97,College Stress,I thought I was the only one who felt this way.,Relatable
853,331,Friendship,This is so relatable and honestly helped me.,Relatable
854,336,College Stress,This describes my experience perfectly.,Relatable
855,304,Self Doubt,Nice video.,Neutral
856,228,Friendship,I will check this out.,Neutral
857,460,Dating,This describes my experience perfectly.,Relatable
858,117,College Stress,Good information.,Neutral
859,76,Social Anxiety,You explained exactly what I was feeling.,Relatable
860,317,Dating,I really needed to hear this today.,Relatable
861,94,College Stress,I will check this out.,Neutral
862,122,Dating,Good information.,Neutral
863,65,Friendship,You explained exactly what I was feeling.,Relatable
864,106,Dating,You explained exactly what I was feeling.,Relatable
865,163,Productivity,I thought I was the only one who felt this way.,Relatable
866,230,College Stress,Good information.,Neutral
867,155,Friendship,This is so relatable and honestly helped me.,Relatable
868,477,Self Doubt,I thought I was the only one who felt this way.,Relatable
869,476,Self Doubt,This is so relatable and honestly helped me.,Relatable
870,280,Productivity,I thought I was the only one who felt this way.,Relatable
871,362,Productivity,Nice video.,Neutral
872,342,Friendship,You explained exactly what I was feeling.,Relatable
873,465,Productivity,This describes my experience perfectly.,Relatable
874,58,Productivity,Nice video.,Neutral
875,348,Dating,Interesting post.,Neutral
876,206,Social Anxiety,You explained exactly what I was feeling.,Relatable
877,183,Self Doubt,Good information.,Neutral
878,329,Friendship,I thought I was the only one who felt this way.,Relatable
879,401,Dating,This describes my experience perfectly.,Relatable
880,12,Dating,Nice video.,Neutral
881,344,Productivity,I really needed to hear this today.,Relatable
882,100,Self Doubt,I will check this out.,Neutral
883,262,Friendship,This describes my experience perfectly.,Relatable
884,76,Self Doubt,Nice video.,Neutral
885,198,College Stress,Thanks for sharing.,Neutral
886,180,College Stress,You explained exactly what I was feeling.,Relatable
887,45,Friendship,I really needed to hear this today.,Relatable
888,213,Productivity,I really needed to hear this today.,Relatable
889,413,Dating,Nice video.,Neutral
890,459,Productivity,Thanks for sharing.,Neutral
891,45,Friendship,This describes my experience perfectly.,Relatable
892,445,Self Doubt,You explained exactly what I was feeling.,Relatable
893,478,Social Anxiety,You explained exactly what I was feeling.,Relatable
894,4,Social Anxiety,Thanks for sharing.,Neutral
895,90,Self Doubt,You explained exactly what I was feeling.,Relatable
896,103,Dating,This describes my experience perfectly.,Relatable
897,284,College Stress,I really needed to hear this today.,Relatable
898,156,Friendship,You explained exactly what I was feeling.,Relatable
899,14,Dating,I really needed to hear this today.,Relatable
900,154,College Stress,Good information.,Neutral
901,335,Social Anxiety,Thanks for sharing.,Neutral
902,92,Self Doubt,Nice video.,Neutral
903,62,Social Anxiety,This is so relatable and honestly helped me.,Relatable
904,307,Social Anxiety,Thanks for sharing.,Neutral
905,290,Self Doubt,I will check this out.,Neutral
906,352,Productivity,You explained exactly what I was feeling.,Relatable
907,263,College Stress,I thought I was the only one who felt this way.,Relatable
908,84,College Stress,Interesting post.,Neutral
909,237,College Stress,Good information.,Neutral
910,84,College Stress,Good information.,Neutral
911,326,Self Doubt,You explained exactly what I was feeling.,Relatable
912,149,Social Anxiety,Nice video.,Neutral
913,100,Friendship,I thought I was the only one who felt this way.,Relatable
914,307,Social Anxiety,Good information.,Neutral
915,447,College Stress,I will check this out.,Neutral
916,351,College Stress,You explained exactly what I was feeling.,Relatable
917,274,Social Anxiety,Nice video.,Neutral
918,71,Social Anxiety,Good information.,Neutral
919,211,Self Doubt,You explained exactly what I was feeling.,Relatable
920,112,Social Anxiety,This is so relatable and honestly helped me.,Relatable
921,408,Dating,This is so relatable and honestly helped me.,Relatable
922,426,Productivity,I will check this out.,Neutral
923,283,Productivity,I will check this out.,Neutral
924,236,Self Doubt,Interesting post.,Neutral
925,473,Dating,Interesting post.,Neutral
926,354,College Stress,You explained exactly what I was feeling.,Relatable
927,268,Friendship,I really needed to hear this today.,Relatable
928,364,Dating,Nice video.,Neutral
929,66,Dating,I thought I was the only one who felt this way.,Relatable
930,117,Productivity,Good information.,Neutral
931,41,Dating,This is so relatable and honestly helped me.,Relatable
932,10,Social Anxiety,I thought I was the only one who felt this way.,Relatable
933,101,Social Anxiety,Thanks for sharing.,Neutral
934,31,Friendship,This describes my experience perfectly.,Relatable
935,34,Social Anxiety,You explained exactly what I was feeling.,Relatable
936,401,Social Anxiety,I thought I was the only one who felt this way.,Relatable
937,301,Dating,This describes my experience perfectly.,Relatable
938,180,Productivity,Good information.,Neutral
939,483,Productivity,This is so relatable and honestly helped me.,Relatable
940,181,College Stress,This describes my experience perfectly.,Relatable
941,314,Productivity,This describes my experience perfectly.,Relatable
942,51,Social Anxiety,This describes my experience perfectly.,Relatable
943,112,Friendship,Interesting post.,Neutral
944,462,Dating,Nice video.,Neutral
945,51,Productivity,Interesting post.,Neutral
946,244,Productivity,I will check this out.,Neutral
947,226,Dating,This describes my experience perfectly.,Relatable
948,428,Dating,Interesting post.,Neutral
949,110,Self Doubt,I really needed to hear this today.,Relatable
950,390,Social Anxiety,I really needed to hear this today.,Relatable
951,57,Self Doubt,Interesting post.,Neutral
952,361,College Stress,I really needed to hear this today.,Relatable
953,168,Social Anxiety,I thought I was the only one who felt this way.,Relatable
954,234,College Stress,I really needed to hear this today.,Relatable
955,500,Productivity,Nice video.,Neutral
956,209,Friendship,Good information.,Neutral
957,439,Dating,I really needed to hear this today.,Relatable
958,189,Productivity,I really needed to hear this today.,Relatable
959,54,Productivity,I really needed to hear this today.,Relatable
960,347,Productivity,This describes my experience perfectly.,Relatable
961,206,Self Doubt,This is so relatable and honestly helped me.,Relatable
962,474,Productivity,Interesting post.,Neutral
963,187,Social Anxiety,Good information.,Neutral
964,305,Dating,Nice video.,Neutral
965,120,Social Anxiety,Thanks for sharing.,Neutral
966,392,College Stress,Thanks for sharing.,Neutral
967,140,Friendship,I will check this out.,Neutral
968,244,College Stress,Thanks for sharing.,Neutral
969,262,Self Doubt,Thanks for sharing.,Neutral
970,63,Social Anxiety,I really needed to hear this today.,Relatable
971,322,Dating,I really needed to hear this today.,Relatable
972,378,Social Anxiety,Interesting post.,Neutral
973,348,Self Doubt,I thought I was the only one who felt this way.,Relatable
974,310,Self Doubt,This is so relatable and honestly helped me.,Relatable
975,319,College Stress,Good information.,Neutral
976,385,Productivity,Interesting post.,Neutral
977,104,Self Doubt,I really needed to hear this today.,Relatable
978,259,Self Doubt,I really needed to hear this today.,Relatable
979,280,Friendship,You explained exactly what I was feeling.,Relatable
980,451,Self Doubt,I thought I was the only one who felt this way.,Relatable
981,162,Self Doubt,Thanks for sharing.,Neutral
982,19,Self Doubt,Thanks for sharing.,Neutral
983,441,Productivity,This describes my experience perfectly.,Relatable
984,221,Self Doubt,Good information.,Neutral
985,392,Self Doubt,I really needed to hear this today.,Relatable
986,284,Productivity,I really needed to hear this today.,Relatable
987,244,Self Doubt,I will check this out.,Neutral
988,29,Friendship,This is so relatable and honestly helped me.,Relatable
989,498,Friendship,I really needed to hear this today.,Relatable
990,165,College Stress,You explained exactly what I was feeling.,Relatable
991,66,Social Anxiety,This describes my experience perfectly.,Relatable
992,299,Productivity,Nice video.,Neutral
993,50,Self Doubt,You explained exactly what I was feeling.,Relatable
994,180,Self Doubt,You explained exactly what I was feeling.,Relatable
995,121,Dating,This is so relatable and honestly helped me.,Relatable
996,467,Social Anxiety,I will check this out.,Neutral
997,173,Social Anxiety,Nice video.,Neutral
998,20,College Stress,This describes my experience perfectly.,Relatable
999,264,Friendship,I really needed to hear this today.,Relatable
1000,357,Social Anxiety,Nice video.,Neutral
